isic_id,target
ISIC_0015657,0.9017287
ISIC_0015729,0.0043424973
ISIC_0015740,0.9868462
